ph,Hardness,Solids,Chloramines,Sulfate,Conductivity,Organic_carbon,Trihalomethanes,Turbidity,non_compliant
7.200984122685986,182.87505036704957,17511.627669662255,5.007106753999537,308.06185150631376,426.2131551320661,15.100966277648286,60.043981593263496,3.9008564161436157,0
7.438996430006776,109.6232539616262,17741.151110252344,10.160236132554608,350.50869806793673,343.93997081876574,16.386512643259483,61.10668093501747,4.283671404036434,0
6.980689715710226,141.36452897011415,12055.23015241866,8.1125755372558,320.07947932726296,702.0251259959264,15.856176408380774,53.84578095487195,1.812112541077329,1
6.487526528994181,283.1503497827671,29146.22603097999,10.419971704603045,276.6460507531839,509.7221937100008,9.521129856613971,77.89813151995635,4.520984638904966,0
6.836263371862622,249.2347211534035,17597.279728693327,8.63439442566484,377.26087406970737,261.7546590427099,17.99237970096832,94.2610180140678,2.4307365200300044,0
6.40668275600283,175.89991087095947,27438.502460841693,9.881344713443923,297.6217530285275,515.5397455642636,10.858671245976605,52.645325739006324,1.769120654721208,1
7.248114882077951,147.78965778774466,21713.972467286876,6.75272245419906,300.0414693952938,402.15120542144973,9.460494183037525,52.98603033866129,2.7952749327607465,0
8.272172196443627,86.37157180929115,10364.076350607535,8.490889454322426,247.2209044829229,680.0140003080184,11.566089907280173,,1.2449367251966732,0
6.806234785158937,176.38059728594095,12324.692290394732,12.0,282.8390555062883,323.67640798953903,13.565197973117101,57.42161186332287,3.005493836068686,1
6.703620080144048,198.14580484482212,18052.714471500614,4.997637969109533,369.10629575310924,180.3564596014407,16.856365712257823,51.27634599650852,3.3476449671412762,0
7.591873640148159,194.95673852993096,15428.207722871257,9.317284119115598,232.94069048797485,457.90430156735056,16.49532730275338,16.776417049035295,2.759555899584269,1
7.485509606528049,194.3724843214298,15346.227992312528,10.256299593141485,325.7295783219773,408.2367180540337,13.910002915766036,65.76987338422362,3.6433976286732337,1
7.284331399198319,132.69142236638444,12996.565319378147,7.958029639876955,,400.00971181215874,17.731622222715888,71.82026409569987,2.62238273358312,0
,196.02356687806292,2340.665509813034,8.577382384290384,307.37348357230474,193.0513006618463,14.325958293594589,45.317865256218084,3.0048612342792764,1
7.176598542029382,197.67959722789365,13421.97149605516,9.503342041883494,344.3874311042978,501.2171221436935,17.583935615201867,52.54775341479889,1.2712029980963762,0
7.75624255556663,277.43372226819065,2000.0,5.993468701262158,262.99235931702447,650.8014177411128,8.384524820763225,40.67032374455665,3.051206600859954,0
6.124628362171935,312.00400726114174,17602.73698149456,7.951341110659005,408.6166741310846,220.91411029134989,7.703304029131503,,1.978756311447277,0
6.833907391167825,191.7806583849325,9917.595488006058,5.601591115886245,396.06302016616587,590.5468424907455,17.102881786466142,29.65112017085136,2.4602656766605393,1
5.679021808159325,154.0216429294468,9992.082916795,5.955755325621436,344.12994499099915,381.7539771895142,8.439670215495987,53.73477419123577,2.8875851261676497,1
6.168369808172019,196.10107221428217,13464.873430590149,6.0631870578991505,224.69526840504494,731.8806326426695,12.793923198098451,99.02144335574552,3.2291731590628725,1
5.726611969766614,163.54272348473378,16908.70642407105,6.936717109154053,267.24225973817613,502.3209505258609,13.607588991938272,61.03175868023725,1.0240012449746194,1
7.011927095140255,155.45397105522505,4975.956755848314,7.469596149270234,388.6021837158805,427.45867543849755,12.048196637382148,69.35863703221646,1.123888550526952,0
,196.48099088467146,2759.791673126154,8.03345970063348,432.78726541672216,582.645811906587,12.186042104604867,57.06691746115996,2.6376299373021665,0
7.417011487057361,137.4017341308611,7537.538899501305,4.58836435833236,347.7969263991001,513.1234140899668,19.570506180712574,36.51148266532812,3.569263126339263,0
7.32540086929938,236.36640506930104,2000.0,10.84819575931298,404.8391360421419,378.90528288210055,3.881593966001203,59.34657425560748,3.4322897010915168,0
7.050455244296037,193.76506704895536,8232.052730774914,9.330352122161273,293.5342977947076,535.226033194677,17.535494538891317,68.12947352419685,4.071336522279271,0
5.18659223134359,215.00049841159716,26136.181213660762,8.538412984906964,318.6367706033457,388.7164955585867,23.18068937117426,39.547167204010975,4.561291757781136,0
6.769045683322691,189.0235978417597,7603.898584520638,6.540245295107927,330.0688742137985,235.38144394276694,14.094338242264264,66.83227832266493,3.595719993413639,0
7.1611992436791425,156.36473316485527,19559.836224301285,7.0356479998783845,355.38580522409995,693.7910631896889,13.924100818082328,84.89820058008435,2.976165276108892,0
7.290647188802646,143.1224264150689,5398.556342144053,8.210099557139861,,408.0500279109843,16.9054831824921,81.39378802079838,1.7622506378305933,0
5.975891387595685,185.76343974052753,17093.841068007456,7.958591975511512,386.4400105522976,376.91831991988414,21.315418162272074,28.345094400617352,1.864718664507026,0
6.817797379172855,167.0743797543313,12761.863314511227,4.102087611461716,,490.6466476145975,9.24780420352399,40.494408218905605,2.4393954341101627,0
6.417184737554688,214.03407999257453,14581.31050126009,8.566702675686113,261.0758910696022,262.8441770575549,14.350757334220905,27.726413555676935,3.3209839279672706,0
6.552930208459521,199.73409780814163,18981.443160572788,12.0,248.67961972440884,287.5705622161296,13.25513390050329,81.42310412475801,3.264882639828559,0
8.048718898708863,118.26159512463624,27293.680877213257,3.792078089726226,351.03360687705714,390.0423959917482,16.237525107359193,72.20658701552045,3.0050925071257497,1
6.553972259734483,204.0272779657011,16362.944448832915,9.035419718941366,290.74128563325286,387.633383213656,14.63674678571805,74.06281121341522,2.816732810454477,0
7.173982636043584,119.42837497155456,15870.512659772665,7.881303555136723,187.75021904412705,458.62671269833595,16.638612463003522,,3.7565955051648787,1
7.907511893906539,163.01134246884317,8186.425977623797,6.994052604519228,,584.7069255751235,12.313469272313828,36.66668080799127,3.2499989173285018,0
6.733119653805359,182.33878344692914,19083.37758732633,9.73262833204016,339.33566501406176,393.11676322379566,14.196008622274084,61.5381546393457,3.3574161622297214,0
7.110638440332672,75.48360332532134,13277.493686183105,5.015526636455618,301.40118013152943,509.13581672998384,11.318630478371265,62.019673097980665,3.370124542877233,0
7.288371314599584,205.4904468715989,20824.04930035901,7.5007709870013235,456.80665756264415,522.185400108422,11.342837985295816,42.91493178006263,2.3444484524772427,1
,209.0590009828601,14694.054846605191,9.903518373470877,,319.9109542082545,13.433840637308354,62.84351770731518,1.7629949749005926,0
6.219955338865845,190.51854839451963,27185.989926668957,6.836222619301418,284.7941963816879,477.41468674953614,13.431960379682463,72.89136101435375,3.5893533516891813,0
7.260912184301606,174.54096365170435,2000.0,6.427326540552174,336.06910872602083,336.8799144812445,9.310065031055887,64.56031557180081,3.500072842910685,1
8.287058737393231,177.5837803935116,12923.80447891448,7.412359000316306,267.59584395414646,577.667849345734,20.280233517235104,,2.7359687268824793,0
5.962284257497214,141.4076318833366,21170.371471608814,6.377840373591311,284.29759355755533,504.61078536869894,13.459663639121723,17.746756769733864,2.5011108805818623,0
7.887506150417279,183.81797781627128,12545.15462040509,10.06050371452848,353.1817681275111,451.9804937233496,8.465196948345802,54.82240105886934,5.734108860330198,1
7.295483220557265,166.8432917891083,9454.788516961775,5.522674007391918,296.74810762726486,289.2360415498661,18.406138370483568,63.28709821978977,2.088949147380931,0
6.6868236847142235,205.50112356124393,13138.835759822923,8.814476286595033,302.941555561786,463.91880123423806,11.006868718355374,54.79832399578573,2.7389470793824566,1
8.80033323707394,127.75183462730857,5340.498766748638,4.8839691607804205,430.1366916504469,357.95669837079765,16.033125338978657,51.432997268899705,3.3186112537228944,1
7.80980776966777,214.13539454066864,15832.676401828387,8.43763032489933,381.57892699118304,534.7155168542713,13.931932093560166,46.17109607224229,1.6149233083757029,1
6.2405688783158215,208.5931336086602,32083.232881212567,7.005960954764336,378.1695492064092,435.68081971613987,15.00246490819583,74.31276023297887,3.1406831600077147,1
7.2596129830171705,191.50623006927657,23015.220487587096,2.420708451620616,361.7290021318931,352.5186524535053,14.684084344725878,58.95250643578972,5.1572989450294,0
7.661351666936149,173.64771061482267,7236.936254393114,7.188942323963282,359.0520937034517,561.0621477013394,11.699328891189513,62.46441150752003,4.12064183814424,0
7.048974299719401,233.14039354820676,8886.61242370195,5.2257892657063465,417.3950939344285,536.5842081256112,14.163785148688566,40.569527604254034,3.7586404027439286,0
7.746328213756165,100.12389759236812,12166.905336842825,6.3777932773313,328.8272408414903,378.8043505263871,22.132368214874113,47.59156653303941,3.7109135147344623,1
7.146786143880468,227.6272002887072,22030.912894137557,10.04679323756863,441.33084749398677,589.4433399214173,5.0495766206670005,,3.1343570598560087,0
7.733798048667462,214.58224797142233,9249.590935815686,5.132554043326799,272.9158999222614,414.1926389778792,14.263828426730816,39.891643276903785,4.150071551475711,0
8.350818073324922,217.00257755207693,10168.380067367263,5.238089233692138,314.6977387367253,412.901806272459,15.739925890449966,34.81402049043636,2.812965880153702,0
6.659470199195478,222.9987555459605,21193.246034604334,9.865589142369242,247.28421831744674,464.8561257921911,9.790913932795087,53.41697996609309,2.49263214396308,0
7.362510888311688,160.781335604429,21052.567993326025,7.414554456842754,,359.6839497728455,8.518607819360188,84.01941545066117,3.1224512090957988,1
6.829353938769268,184.43239650191387,12383.29737727386,10.05251565166482,361.1065459772642,397.00321179450043,22.635663649353177,,4.086835924883501,1
7.3018147289806645,238.22349987298097,7175.656099390453,7.798693273408603,417.074813353511,430.7424865578055,12.513985063228752,89.19199016455478,3.396510708902177,0
6.250244377719888,225.83835464498662,4151.786237161052,5.567283591108462,290.20034770818575,633.6339611589426,22.315980646410964,57.36954692402171,3.809446736473746,0
6.736558722797861,212.4027659265589,10107.069111629271,7.077298730660442,330.31826841594574,629.9579690352987,16.143053241184905,53.7986927828362,0.5710569408972361,0
7.0430432217564025,109.14078529282234,2000.0,9.475431174805014,308.4473760099037,418.93557592914135,14.304564241448452,32.15525230622719,4.431668874689991,0
7.919011097680326,232.27322689299248,20248.739173369406,8.941509404732042,285.68400355290635,643.2525288634465,15.903882048193777,48.47550907275594,5.8087220691555075,1
8.116177605963305,270.1682595195864,10589.785101368088,7.2016407577364525,258.6372327871602,444.8055900109057,16.540021781824265,88.70367474330645,4.601884860673628,0
6.141177766012596,260.5802895825715,18369.055649715967,7.290258607282378,333.63966991810815,495.6696813373803,18.7186208935084,66.55100545003046,2.618856077417819,1
6.564286107210361,214.03268292614632,28078.274213209337,6.991739207792679,226.0760999738904,556.0293400528716,15.743263381987866,74.66242204479276,1.9818680611749446,1
7.7175227380587375,106.53928378374833,23210.969949930048,6.129599091756585,336.63258904946997,485.0457391440252,14.578442509800741,74.10195664305297,3.3329570790479814,1
5.606064172660405,256.5526888536812,6942.056134371064,10.77458354887526,331.2571161292652,739.8218645018287,14.705150067735117,59.80909120061533,1.8156289650136668,0
,191.16472179681395,21084.742905336854,7.213307706296783,290.534982064567,479.2015577084615,19.407653288315913,55.903880268728656,3.8708058501787233,0
7.122170459463929,50.0,23104.99919261506,5.106763586173735,269.3457858054022,306.2892905387011,17.267872968608383,62.383671463638464,2.3695074499472284,0
8.205611981829456,222.63244418643222,9775.504373327356,6.317248412488881,246.94156310345687,606.6565169417017,9.991913786709588,73.42604181133592,4.152796414667547,0
7.751523120456604,110.46969301522782,8326.92153849597,8.544275749375633,442.2797046586644,400.552380778555,11.457484810962816,69.15732427015702,4.634563337888753,0
6.938229263822242,122.21356518829623,14232.156718630209,8.387206977380936,249.48167614867032,413.4854002382204,15.322995296309502,69.83944423533865,0.5612977027437913,0
6.905139284720033,161.90246645756883,3790.036553386728,6.94620173758823,423.46214157300756,100.0,11.508314698801291,63.08288350840286,3.351333613016749,1
6.99984367958566,276.35547067297307,25295.14464511087,5.962937478057372,366.00988559205103,570.1183079584009,12.494051922408152,44.601321626185005,2.1620625503184514,0
8.418823520364928,177.74927874929642,2000.0,7.244247817691598,308.1587419029072,548.2138975923756,10.176321673123986,54.76809158423324,1.3082640717374483,0
6.857580045941706,216.25949526420294,7252.348089805577,4.102762409904578,260.57538937669995,545.8823368042379,12.953428561912773,41.170938476154845,2.259188501368846,0
6.957055689308216,304.8780778251338,13113.043851935825,4.79080221292544,392.5496098115991,567.4087075831294,15.694510560620325,80.09315731123533,2.7372793443610255,1
7.482071253828212,295.6417857593475,13410.390360685218,8.67851926945116,433.77907180452473,652.9200243740777,17.980646465550418,17.95912164857014,4.2404246894483375,1
7.103383643930836,193.7987950503581,16162.869211998372,6.313016169337763,273.95853547141104,444.47977811469707,14.036923793174875,55.64272169198062,1.1743112804181433,0
7.042172617627422,185.50873867636932,16900.139980723856,7.893871081006887,312.07528764717415,562.5139797803278,22.299400118443607,107.74423070476334,4.2609751045890025,1
6.308746285479155,124.34776195462699,13504.715897621863,9.45466655952759,393.09742588762265,360.73922256445053,13.694346450444804,53.1693089952459,5.421675494259246,0
7.190782825569162,158.33251554910453,22958.20423138959,8.402242486499716,350.14700160161055,407.5438579602924,26.773692625308314,37.304307563878176,3.7169292791003583,0
6.8451350216204645,225.5215008567662,2000.0,7.238141375972605,449.9976573693692,576.8112185195391,18.00660835640152,59.640901805770675,3.6551294996668484,0
8.132902220952179,223.74384570857882,14998.848402581276,11.138367356155282,295.7913330317193,496.93485946387574,15.986889727289816,85.78752728291066,2.9838928595360525,0
7.722470802160931,206.61429387043756,9997.909117992216,8.435697833542791,362.5374725021706,289.99017689062964,12.00386542376953,56.7909916448123,1.5899517169856325,0
7.180685109592054,259.68809945383555,15927.594046004404,6.5439713809044315,254.9443218035,493.35952554572435,2.7020239190482744,72.26697601396366,3.6417927927209965,1
7.734704818613875,153.65791921800917,16545.31886562395,8.554854107622392,455.7535038299428,428.0506270967624,13.37947354940532,61.99905977893126,3.4608329810321603,0
6.928104358629481,196.6354087889921,8617.197864536476,7.954823689014185,286.17955126270476,351.7600450623132,14.712873177450566,52.54253876198254,3.877911491644629,0
8.041701086741558,243.87457930968873,10513.357024251553,5.616025249893622,197.52197824228807,502.11444603769144,21.689812819820112,123.0057572314248,6.082608418624515,1
7.195680351462699,235.04875437367508,20548.10706276291,7.3350273673394675,,401.45931630133884,8.481001795899829,61.423012752772514,3.8733371280336644,0
7.666705883344331,264.25674654394516,17443.393880556898,6.894676439295538,321.63416273320075,261.54123737856037,21.623545453279334,49.25684521418562,3.5108540154746066,0
,223.82122440590365,10238.260943782654,3.5612057813338054,444.93429075370744,316.661366559416,12.995022377650333,50.20033340450968,4.87431758564372,0
7.477344039102744,181.43584666419008,29279.2367153936,6.880947376912954,309.6708212769754,662.3004091852423,16.896227514021813,67.61148996876035,1.385740728876,0
5.849436706106767,221.73153561574398,31164.243539465577,6.676100376858164,329.24137535147423,268.2085300646871,3.840614337882121,68.18434801174476,1.6287568704801274,0
5.571736844048054,139.84428821695346,4762.7626472775155,6.388849196955761,365.60633231476686,476.73626244965857,14.55612152603766,75.44023226163583,2.549752207985102,0
6.9564184978308505,101.63244010741242,17112.564722102405,4.156025763255059,425.1762409865689,523.2067097169972,12.625071784275688,62.82288066035745,2.214084877952298,0
6.480057913921124,234.8403068538306,32562.96104942674,6.5436299671480675,326.20622313523216,526.7026855560377,16.72971764061913,31.36763660093724,3.832720033693898,1
7.3312422365697785,196.6915800307395,20487.290404294246,7.12655623669585,392.36867361527305,302.94340096336583,14.364901151027091,,2.6190705397082383,0
8.99580530118884,218.5045775850205,16547.421000387825,7.388631973275485,,411.41541967736225,9.431041514351385,53.82073322142493,5.087920609192295,1
6.534621454870335,98.13893816951492,13543.602166483968,5.098752719176846,312.22587991428225,466.90160701543266,17.787950549156115,54.27799672666391,4.824536904014398,0
6.7008451308448755,178.0931585164742,11211.639998862956,8.37040798636367,334.65326651946475,546.0251112574601,16.778514957206355,30.34179103722487,3.924085256350613,1
7.364323156851759,164.00857317610834,13512.39708166185,4.950591554766164,331.7204327314046,372.60470025432585,16.387072784517315,48.52950518507495,2.5368098602130393,1
7.594410633129885,148.1472731157998,11144.894113143037,6.785925812829927,275.0385218569481,310.38305944493527,18.035661448509686,45.46323571408726,3.740340673001467,0
7.058875147275393,64.69909961225238,20214.35850990624,9.614985696822107,402.82084526676596,570.3088858992613,18.40386976500394,59.27072313892842,3.973271212495304,1
7.035255735797427,179.90759107177692,12212.924431159909,5.918836856383898,246.86278483990975,582.6184375187631,13.91275332437637,30.931619076428035,1.720114025416364,0
7.7619703640964355,253.83825728997144,11911.939415929597,6.254996979656182,400.2701353530492,494.40870672588187,8.56937010892581,61.01312585234747,3.418535678336305,1
7.615926109627119,222.85986331182428,6584.875192196436,9.186035539207637,387.26515974747474,376.9455411962834,8.460150911404426,62.48671981565284,3.847336543344965,0
,163.94320342005162,14652.870879337876,6.489515709328533,324.4170445152082,498.8113986506567,19.399004935941974,37.60464296593942,3.2597564474984435,1
,199.10744170098198,8741.148285926978,6.650538506738076,284.0733391515756,463.1172843919037,16.841789756644356,47.50687267403749,4.885332158946248,0
7.22822947892918,245.40800481428053,13734.748818896343,7.609245633017487,316.4144948602858,550.5154411429671,14.408117390171974,42.848928729175014,4.456995601354141,0
6.356412302360711,50.0,22292.708869050726,9.141154391690403,358.36647947971176,300.1064440906913,12.261406979201697,78.15228984795631,2.0093011489542953,0
7.40787128053949,192.52780719160174,17561.474204177885,3.1236733602783566,374.58350636183593,463.9512926566787,14.12622839176106,9.434722023195803,3.1493788065209625,1
6.513634818258765,232.59200883088627,18533.077063498018,5.66789192543861,347.21513781238974,430.91233816006627,14.099176840241837,53.13350254945002,1.9973687897464403,1
7.977653366333635,240.9277175140505,17492.636298304624,5.337155806534857,,316.83795424230993,12.652965174968752,26.789464955159616,3.6954671368271166,1
7.354196730084058,302.0438124206018,15414.230111340454,5.194055734049782,296.55392567835185,475.87778992900184,11.203900292582965,51.36656803950798,1.9594221548505977,0
7.271445188615241,268.1027407457888,14108.702385298591,5.619989744379522,,454.1901403054729,22.65726740995286,,4.1079735258073615,0
6.727177317714981,218.75377008477483,12845.356488688334,5.649213043970583,235.89925134783292,400.75695994668,14.91423975340905,47.38777441202518,3.4657741379492704,0
7.105112140897845,218.1185603669256,20313.819061831506,7.756588892160422,375.817599530244,497.52344998631304,11.57678156910956,62.76777217647737,4.1650015030533565,0
,247.216720879676,7410.321334982258,5.558170148150982,339.1905751170952,279.7443587124642,8.791753456441043,43.104503794997456,2.8258984597472576,0
6.294874023581553,167.64038031545957,24385.058103578813,7.426051700330601,305.06554936951636,443.5629848194168,11.097225321226878,98.78965214490061,1.2524481645930639,1
7.490271839351004,197.5887167034089,15238.546438793723,7.940557034769417,399.6925451231549,501.76969989347907,16.87890592313587,78.26392658171454,5.119002218147632,1
5.497146366542284,254.3743401847122,9759.097265958382,5.853504274772624,371.4915689277904,484.0821429750808,17.033534874073347,82.54382772970202,2.7929177897641146,0
7.877286817184931,317.44671289370547,11575.97744671991,7.440977115744111,161.01634549535595,579.1713338349539,13.12658581944661,33.436371293185196,4.652028074180294,0
5.803122819700873,190.44396165609547,10261.067191683218,10.219534407802946,332.39299489604167,305.86649109815846,14.206842775590218,37.97842258482304,3.5162188044718428,0
7.805390802131415,197.09595864020815,16121.445493196288,7.794097135581795,,269.0543490440707,12.779790119412954,,3.8086947784265046,0
6.523602373696541,211.90881162726075,9975.098688581842,6.024637037052162,393.99959246810135,478.6881290469909,9.568654801456102,56.11263638410139,5.195698937177541,0
7.823192867473969,280.5922216404834,22994.918391486157,7.080262900057536,479.344489374289,504.6183032923191,19.20674495794708,54.84155897476522,3.4082823621902376,0
7.30476096606784,198.181201784651,9528.527051700297,5.511704340974109,298.8879893570794,704.3788551812241,15.490541241190938,66.67566624605483,4.680277568829122,1
5.97053204776681,288.1615421882687,2000.0,7.698845191250528,334.47474915011577,523.9934971448341,23.905421012119227,34.89645964103104,1.2188093339321844,0
8.199318999646763,142.00056695427497,9883.010550918734,8.788408451005216,314.93798556548415,345.12620431569644,10.975318850635036,75.4573371255693,4.045320179519833,0
8.35336572441809,188.83782225578028,2000.0,5.6917002694459224,351.0487867332135,546.7235681882132,13.449866526547465,60.366479253648066,2.7097355061750585,0
7.147356075199834,188.11009059886845,14720.918045991402,6.814901096495425,,348.5243822703935,17.531880873816373,69.5848029111391,2.8391191666548408,0
6.980866982262144,247.1903434457732,22414.10584859918,9.247133053896686,407.23163619241814,271.6996865212519,13.019621089733256,46.58771964233486,3.0104596355277984,1
7.072106427223491,262.71562261869667,19534.31860185971,6.284725723453174,270.7547199301329,763.0921055655035,8.449219888415481,70.26459723758524,3.415832540092073,0
6.419878141777003,109.43333851290606,5636.873465369301,7.545784505418441,424.2980887094164,489.0990455276906,10.204521512404677,45.90236741101965,4.988592573364848,1
8.078869407805534,145.0929424513265,9664.213029024006,5.3169645599013995,274.10916863738333,535.7940758168644,14.403000262562976,79.08761193809171,0.7755442628668425,0
6.76568645461585,220.21114872658774,27450.434748966796,5.6937856009626575,346.62532196219996,517.62603032372,15.373469315628835,82.59292374208749,3.0528482139501714,0
7.159047669846659,160.47838124685111,17229.579861140337,6.257766258784549,399.5145983746011,667.4492128907419,13.621578693649987,78.2377123652961,2.140215504351302,0
6.565362877437565,108.65433346114142,15028.830848438412,11.117376041785729,372.79192430387985,484.09278197700905,18.013940491447666,70.329273317598,4.398976805631795,1
6.699141520223843,262.30879832140874,22392.437928354906,6.463709745594259,273.68550354069896,596.1237639215511,17.971062168211763,72.67632509202865,2.492289894419862,0
6.177819878679063,229.6382050492189,32169.187878011107,6.246074365074679,287.8845829905286,326.72593800023606,15.291116575518894,5.881452098270287,3.5481240583874465,0
8.205655450971514,229.59064981164482,24076.012943058173,6.18625164874115,302.2601458361281,282.9406811342277,14.107567621407311,76.69768411532212,2.522995470800145,0
7.07672994143519,171.47325701323427,15975.906783394053,6.901915762695109,326.92984313244557,621.1868412297117,12.988430697561459,54.51920279131624,3.8016703815748274,0
7.972737294983047,261.7363071300393,17482.81723189376,8.380674213035265,398.81719489912416,626.983166209079,16.20410052570283,61.898899862316526,4.2177639925324915,0
7.210659677530608,185.60240021437278,19319.55853768752,7.541082786606354,252.4913137498923,511.2870978376271,17.67850365524445,54.32587715361491,2.523120021792667,1
6.644477177837685,265.7861166693771,10711.110524429132,10.904066414460711,,477.12798044655557,14.242419259259993,32.177259727972185,3.05889062188892,1
6.938651791998199,145.30009094344268,7588.963690977918,7.584830004119239,366.5983459303722,469.94119135834103,15.799992933693579,49.227332660114925,1.2955677716045582,0
6.7518151595976805,148.75187313897194,15367.143584425665,9.805327468841826,363.49732332946274,367.4206285878786,12.702747270855273,73.17069643644402,3.366479744354076,0
7.206367279347931,212.27979263586178,8369.521393758158,7.698080008844748,357.97838006747924,634.6365479983681,8.35380168285369,88.34739183298146,4.027521521587097,0
6.899786528258436,157.86007125217648,14569.76306675452,8.290046697205407,421.099087279195,529.0656977798185,9.996182605147467,47.54155480989813,2.33351396725494,0
6.960062627246561,240.52706392212983,15672.861279944633,4.601520108516036,359.2685006019741,510.70865334026513,17.06306402159919,41.920570305929175,4.34443525669934,0
6.097140252691269,215.6052646477432,31387.26125318055,6.971292993349478,,495.1350320966163,15.788012060962837,89.03524573016202,0.5120275809564228,1
6.554523257903104,144.6217269282141,9042.650037404033,7.0758940668681625,363.81279029564206,575.7495385628242,20.360854688152294,42.34861411189996,0.7783974649583825,0
8.523246039040345,204.371936056706,14147.477476203458,6.762677387584551,437.5867699636975,510.6006359836642,14.224393715896193,101.47271922123664,1.3341091310863922,0
6.663013426998626,178.923338708758,13849.87977290827,3.3248184710564392,216.0117156262276,539.4431723509438,17.45909495151111,61.01297285576707,2.4182462615875537,0
6.356724969901206,254.9499697506228,18061.173733627315,8.785124031370783,406.9265146271572,309.7282950150518,19.292067722228154,42.33181930206544,3.0223422570512923,0
7.469861066060025,162.04682100930773,22327.070321085357,6.503129406572073,314.3381535447936,511.2039598156561,17.97780065905943,79.68675214163173,2.9053625408359967,1
8.325817759645226,173.6496142716272,11566.615488613414,6.411471619956632,313.15698837381683,712.4641813270189,11.565812213187764,,2.919489662565759,0
6.0367805580150335,272.67421432258004,9250.53578926478,6.740691370127716,271.83139540641537,387.7772393701144,13.261736688961834,31.30504809252299,3.868291225310476,0
7.033182521398984,334.31560335455083,3515.025688478414,6.789457460026014,217.87827191959047,434.5405357911333,14.519090958809421,91.17924177170354,2.4334561878317063,0
6.694357956852074,319.94051985367616,8516.568522380074,7.932777157419752,307.0863091465462,557.033245069203,10.056525238812174,54.3718961859309,1.48370933769679,1
5.791184420538078,203.7933806996365,18755.085842036162,4.9121419471825245,288.7624014289338,564.876379872683,15.897154060417302,89.72659125861755,1.5074554931893105,0
7.787941367406713,213.13128242409346,15319.52929276242,5.524124297549406,359.6504387676417,524.9312510390937,18.095953998568774,52.39071135043039,5.5351980252462045,0
7.181244865156124,292.00751973695964,7891.9620356568885,7.72313993261892,241.66425162375475,255.88796842194714,12.076580375180201,28.456136830619965,0.1774604812712397,0
7.257153475434085,192.53391162532213,12390.627664605998,7.462049060376654,415.89679077264736,510.20763296614336,21.89021686641034,70.03934223410472,2.788405690947291,1
6.598150822043529,141.419051771758,15220.310634531856,6.522021343964282,346.3160305928619,307.95905821678093,12.837104203978386,78.5315619675623,4.749488313925679,0
,207.0125358461779,18525.75252126251,6.166957669846232,315.1258385081527,351.03576980343576,13.188168097056115,101.91925716890813,3.580038747903494,1
6.768562120410143,227.0910068319279,10846.239530130319,5.698035534294132,287.4345990488463,515.7664543486135,13.046884619207217,94.471954600582,2.0045325533341645,1
7.085677433202592,150.2510229309051,13246.91959639488,7.0949607049877965,282.76757667285233,414.5011051727924,11.166895788346594,73.90484118917185,3.002623173549493,0
6.313391366254789,101.22613151005089,2270.956866618537,9.3253184517446,262.1947701227631,547.1547495657322,15.671432637962841,55.24585402751265,4.036702553505966,0
6.227117791833444,113.79622912675393,6940.299384334396,5.295508647517707,297.33835650557,800.0,14.080103522382505,49.58696738645567,4.44977854049163,0
8.268425484240018,239.92575705033974,26324.009607251915,9.941972483970293,330.3630248936706,543.2616060460732,20.645487426757214,54.102541089161335,1.9207905378257666,0
6.7943162363692196,154.49740902128937,2000.0,8.719166637684772,319.35819303338377,536.7423183617366,16.429239718285913,43.381355463947386,3.91254980406382,0
7.433344285084642,191.51917445773316,12635.382131561813,6.38466527284211,245.13072757171278,342.5127025251177,16.15075795878902,54.508959387895025,3.3030006934238907,1
7.172967652186102,212.75352106027032,16534.387605409785,8.609534775833556,314.05030553737816,372.84428718818225,13.11384861572217,9.109451522478139,4.325285776653407,0
6.847083837790253,237.1484527456826,12379.55528271074,4.561373849648243,276.4090250797751,322.360573613868,8.343069142022483,63.57736131919181,4.668498471036047,0
6.793631223730225,179.90583207719155,9342.897336442216,4.083165098709767,339.59293110372465,386.08849961685775,13.641986405328195,59.42129801224742,2.588033445999563,0
7.704066073156469,229.9229420288361,14572.450273288674,4.8783919389278765,,318.9897532883893,10.598832234411278,111.31748777719267,1.2604887550996144,1
6.958505916372872,146.59638247274944,14965.242189484043,6.462456362434455,367.5013616467962,370.83719795206684,17.80737307166076,75.17481981670859,3.475003822339576,0
7.078845081462966,178.2971584593193,14425.178165476702,6.614262055890574,311.21280367067055,424.9533797618405,13.878228451154401,50.39559528868928,5.131945724774756,0
7.217777245755584,138.53506473272776,2000.0,6.2727436491431945,232.50700959153028,329.93113584337624,20.662971412268007,71.29468781882662,3.8226985305963845,1
8.141206656201602,267.90603298171504,13968.174604312226,7.378960843016561,245.1165414792729,279.708347884509,16.941241243432582,35.48467765431222,3.27619539652313,1
7.744408779706511,198.37500631598053,9014.211167959109,3.3567229661063753,228.7966004714586,286.62437705068766,17.34214382259241,47.94616185476761,5.881254641296126,0
7.506080214182394,155.64155074218203,11165.848876305223,8.09162893143278,373.5581078040503,504.4705334872475,14.922628589776844,22.648105736693303,1.751968941745981,0
6.749142885317407,178.85769211609121,16588.823343390173,4.6452589579938035,284.0958389973597,457.1695837634356,14.8346893376506,88.72519045737599,4.083588225540074,0
6.094425023994828,186.6962911566035,19485.101253363966,6.010468910594424,333.75601554745487,573.1128393977824,16.613091468781235,71.86679940417362,2.3154748069705926,0
7.959623945388242,242.03118747950057,21277.441339693112,6.456869160672602,292.6791490474561,575.3327062160643,17.690675267655283,36.48831445731748,3.05956119960921,0
7.973157707376701,104.26182930888584,11525.108601147782,5.1188208538635305,335.47179251241045,409.1233293658914,11.157718950824572,,3.1075723288103783,0
7.087433280701328,137.76764950247485,21468.01943704082,4.732200596452341,414.1006278533673,530.405228928544,15.969122709234584,78.99536396075571,4.8175639634520016,1
7.633507073282814,177.31356490655017,23216.09272836794,5.389053002614247,288.9032440729574,277.13753441297297,24.48434889298427,,1.876783433486311,1
7.825154443108325,351.93834996606836,22956.465471822416,7.178537444145879,309.5426796463116,723.9628244446051,13.641239892418183,67.64554073721274,2.357894749053791,1
7.864947562131985,257.3407335519197,24728.375571680033,8.261967922306988,281.6193653201848,593.4485159025552,12.977826337583542,,1.0884575730387547,0
7.937106778597177,193.31289925214338,13980.222458567614,8.215623319867104,382.47449421116,424.1959925790471,11.230120266389585,47.25509792635748,3.5846389964597996,0
6.835505879471094,242.71997494465037,13781.076594487164,5.409916131113116,268.45696860514573,310.41606790759,8.2057431022272,61.90304697700112,2.4501218281591175,0
8.411978386131775,323.44617017782014,20775.35545576044,5.775161133218481,262.0210053294621,495.60582926423524,18.755545708564576,,3.506360451195454,0
6.202725553371433,185.97536439347658,5434.329794103771,5.54291430363013,246.74022206570254,225.5911765820011,14.24386167321047,43.42266225463869,1.7120810576168226,0
7.889378461594919,178.01519935414638,16466.003330878386,8.00966216177366,245.49158914858526,356.4837076672373,15.198510402566326,37.57199932585891,2.568739655829868,0
7.595145663224607,272.71661259331376,11286.0870548106,3.5326436750666064,358.2536603202824,539.8509070805438,21.37933707953752,82.88059840814543,4.2467148659796194,0
7.898895290819603,229.65052988797657,12418.476643970143,9.429010669048012,,459.0538800112844,24.036756974067295,41.39375335117672,2.790816943083511,0
8.70320664567739,240.2799893193534,2809.3988647099486,6.3273512244786065,270.2774210155824,391.08423229875746,10.445816323199132,81.54323406039614,3.750766951820561,0
8.38755637870292,169.50665604316515,8766.189859377546,5.78965524515931,387.09274939837815,564.0887494964261,18.218234043768867,64.8610972393884,3.633991869174798,0
6.28385847424854,315.4521879405645,14856.542493800194,7.811016832633615,345.06642250034224,325.36391869263065,16.495381741752,77.62094647361329,2.576192778055381,0
5.849062735785715,302.5754480956196,21219.17221865526,9.058714299191434,263.8786460248813,484.1640738994527,15.5983694612599,94.88760386948329,1.1283048801541902,0
7.853511247243038,233.956867332365,21930.18612585635,7.816649862392867,313.3980269983807,390.25373983968353,15.919914906991206,73.77327083078909,4.18248005248097,0
,241.05739028883426,14437.71467502862,9.094940023173503,316.0249994597528,348.3155451820327,13.913848598734686,75.52063787935168,3.204848846778303,0
7.19007568908199,78.36434766541787,13674.981499397212,7.441845869976779,288.5578865025807,505.6074911940516,20.365132548588495,41.643297501266936,4.179936107765897,0
7.871781981604156,238.2625876098325,9185.245690885622,9.41334949027392,445.8364124227531,330.8544679043311,16.466593510877775,46.09628637519469,0.5847738776060547,0
5.884962119051531,188.35348476648062,17816.495478832974,9.441288069513654,215.6327658205708,678.24077384939,15.388119121119992,72.87893046616102,1.0144688231079906,0
5.512015636552417,226.03434234969333,13266.953996447231,7.020938179202283,352.86218689122455,379.83397854384026,18.997696824781045,90.68521650723997,0.42872702058628187,0
7.407439216269782,240.94756471076587,19241.19177404303,9.790570598268516,349.891468838023,688.7783979569921,17.59631612518042,87.84204145094911,1.9477948067407649,0
7.235508711690638,179.52249391350347,27261.807628881732,7.496520662364296,295.22302810709544,318.7235052812184,15.851173038627174,106.33330887288338,4.250339882404342,0
7.003357542894462,98.57109198877494,14773.375299167305,7.35640779654365,338.9701719225229,522.7141701994962,15.31822032274701,66.21781545274109,3.6791903831914974,0
7.230827811016175,222.07247390445409,4518.518680781497,5.541347393194692,382.65629812175416,306.0509170029692,21.033815542297297,64.05567515914743,2.9590152503570417,0
6.511587514106177,155.51698085357629,8974.046898798068,6.6801959895830505,339.1641081263805,289.0659230543048,16.049210337231727,80.12403708990368,3.1574883543198022,1
5.989204474182315,180.18835443653964,4792.967910643678,8.59964894251845,355.0395193524408,469.1646411688407,13.65190707062574,60.37827412541767,3.912945855157715,0
7.066676119295743,163.72940935434832,6620.23217409515,4.83723556247447,371.5747159963279,531.307059625371,10.582605787227571,58.75063274357513,2.6374195485105387,0
6.422633047160486,179.50554468468872,24136.895064398275,8.369323216785494,208.07664057500716,297.088445593101,12.635183985664117,39.05270196074677,3.4752827403576743,0
5.885214942071115,61.42874256404349,16586.61701420938,7.827508712285036,,592.0976480648462,9.812396676235903,79.82440286162863,3.167945487159103,0
7.604544857114622,273.016827633891,4358.778978969685,7.699610549250217,466.6982382064633,354.28811820282726,14.441831236198722,38.5600445720616,0.37554883015691587,0
7.15088109726226,215.20076613958844,19575.425162210853,3.2283140482368586,388.8477032229786,465.7467228077942,15.03934720908176,70.24520183617149,2.5382054142840156,0
7.5252228293062515,266.68395577513184,23822.624118552176,7.014162744657723,,495.57346317014867,5.80834303222041,31.616515140875364,4.630507540586574,0
,318.7905097885962,12480.878097948966,8.366868013843723,245.5051813609994,521.3618017753853,14.084465280099275,81.92673226134933,2.524967269115326,0
6.673552966530674,201.35558735376503,10268.064126041798,5.826681077547274,322.89429788919125,234.26253605832815,16.607637948721212,39.42384353464723,2.82829276038198,0
6.400765578223868,91.85382464956547,12638.356012605356,7.36255205837601,281.2773712415581,644.2275141339888,14.677151115210572,76.86964357806859,2.2717606159280845,0
6.490686506353562,146.36678897722493,16992.2455717792,2.919468115677205,294.7683443795947,517.4151721993226,10.192209248757607,28.2132906243164,2.4184414134297523,0
7.3563263341995215,127.58573114619739,19479.791051794597,8.408507465319243,388.02221453799274,398.92878229596835,19.0857012359441,51.203679157923645,4.3488146277414526,0
6.573620306932043,169.88752141130007,23275.517866281632,6.007620942583662,281.7659647655779,327.10153166520035,11.225049984610871,83.56690806607918,2.6782968229347093,0
7.48485303105622,204.77887868395865,23487.34744139216,8.768442505620106,322.19392243828634,246.7114164860299,9.0970070007609,43.89308760773012,1.7736610986995986,0
7.471804740334573,79.86876397860567,23297.82693758885,3.882984703321994,215.48515671709805,286.62921406912267,9.687306270930785,61.34382021830785,0.1,0
,220.54852960049314,24533.45002246051,8.44608129898616,320.49407988566577,515.3926174884681,13.952045553047688,50.431380075585466,2.3127558585453363,1
6.085768763306552,109.37860080284733,19629.714528602475,6.77350928222583,335.4010055931383,409.0712057684023,17.941539546363103,13.811394066141922,0.6398198307451093,1
7.910321902268037,217.8419157680007,4283.653769676099,8.653686835804129,287.7125875116762,314.2180860277858,18.67191046987583,66.16118157735808,0.8115006077588882,1
7.128409630489266,193.43053128938112,14083.250393404673,5.533722383198221,286.80679203373444,386.76780413750214,14.848259853936405,68.64516999119677,3.954213691951864,0
7.188776215895203,181.18212564844535,17197.44358836369,6.086777355462205,443.1853731590142,637.6935048583929,9.234387140986172,37.844555148315465,3.8504106788888186,0
6.040108942474712,195.6174166435212,12318.116144946101,11.236412420680576,257.4153428457038,410.3190119525581,11.381266178550531,71.47372593379136,0.6993448032861256,0
6.831844949820277,167.61331905609845,21378.82598431379,5.706086129212986,266.9629774259768,379.8662105425177,10.416912579925036,44.08609791949306,4.021775365609999,0
7.794557810755164,163.25171339574956,12478.502194701467,5.929151026665815,281.4593714819043,612.0727281823675,13.293875308342006,39.93206257386426,3.5512301703056366,1
7.134017302386156,99.03461654786675,8519.77079025403,6.702152333102851,,505.42700307886,6.910506583858331,60.13707100164562,2.059717515480659,0
7.2648434963290125,198.22236110904024,25110.092996073436,5.359394293523342,456.09254662930397,455.3136994903176,14.451000315489267,46.3717011184249,3.8812571011141634,0
6.967426655519567,310.73202263739904,19662.030168644364,9.342822215430528,349.93055110476143,377.0661727873399,16.586177597147564,105.8486720982759,1.048028802502237,0
8.123655797589029,318.8297037730763,16534.776489402666,10.305023965567655,286.96091904356956,263.71070620253533,13.409333249229556,28.901567367951966,1.5546842965732834,0
7.1828219463652045,279.30905579269654,21486.963640218877,5.932609080149995,304.3360583315913,309.53489742133297,15.845570505544284,74.76880024462056,1.272373633690151,0
5.43966746201435,242.34809605109348,22437.7396753477,4.093142077776074,393.8887390490265,392.34460770719716,10.250211328583795,79.77814614257258,1.6661955319060584,1
6.646341959620408,159.4111925552007,17387.25067680887,9.309559145383359,275.3359272652298,423.64491595175224,8.185362357738196,20.41457749751286,4.054426566609901,0
5.624962714335806,286.5650472929757,2000.0,9.195102921225109,417.17679763333655,492.74907408329267,11.455934877730915,25.350317379796714,1.3996450427188745,0
4.59884926760277,196.63234673354185,10270.87384532595,8.678986545921456,414.99469105296333,516.2117672813782,18.632234610356498,71.24781786355035,1.6184422373454785,1
6.7759077201821505,195.8674694142156,11803.946092951835,9.281720582548045,334.21248090841897,476.75058713962716,18.123618574755927,50.36976464622119,1.8579621056375588,0
8.26684788008218,182.52637208964413,8110.593734208056,5.638454521517155,368.7677981585584,476.4490206171961,12.176152637921646,67.67125705057664,3.23455647411603,0
7.237695924904474,205.51771394109772,16390.742037442207,6.896706464390508,374.98475686988763,329.0970370070093,18.818508310263525,82.78894138021809,2.5923668758657126,0
6.261963434076017,173.8871059047166,23345.414929959392,4.708602712187012,423.2526069695741,191.42940681869976,12.703658838855226,52.55703589328182,4.034807358701139,0
6.447440105438062,194.97306983761362,11605.66090355052,4.647306906745537,266.912895079805,387.4949009813036,20.050683547362446,38.7206861824063,2.1463674180892687,0
8.104490584200008,134.9240534763643,7056.171312303885,8.965982353085158,,335.5020932215272,15.933434768630768,5.411179374077619,1.4526867610120249,0
7.326101298718772,177.58017771556888,29196.243676373495,5.990556127602405,307.48631990168076,371.6847656950388,12.194971855834591,64.09199401791324,2.39502818667844,0
7.2383993932496455,336.8333881969893,11839.936757317268,11.303228869236106,283.9343409854679,417.0535229816774,17.183769009956574,41.42768721162251,3.0418264816914657,0
7.157230568929554,195.8243583222832,6369.245527007242,7.33352419796863,336.1603459116934,300.7671509722792,10.903669251016485,66.2677058175066,1.8790703436318423,0
7.230720209244278,185.68036611369422,16663.74074732921,6.047235332579315,317.13934280479697,316.73874939282416,10.259000298321277,64.6324474795804,3.3287895100231797,0
7.844324517555039,231.94245674630315,17979.77807112674,8.636193366671444,270.7504212972706,437.96195226623354,8.197777925882304,32.31064407308503,5.173618798654779,0
7.642053837884861,242.48730930220773,10064.649372235286,10.442272243678872,234.1601743118975,463.8924627179653,15.034338836565993,94.47751769478022,2.2941292963194866,1
7.372563760019596,133.17386844967558,20533.175022117863,8.075035726965265,273.4743061258872,371.28020665019756,13.787363816905279,81.66516590930084,3.0435483942572006,1
6.365705313927991,187.5704730318053,11588.76393199328,5.0091386925714305,417.14143353976533,509.79420825177624,13.691546957010509,76.96542761108067,4.6119644894077325,0
7.608887011927782,255.0965504560859,8539.34359226728,7.867805043393113,447.75417020682835,423.66543451766387,12.360591476122506,36.31054168062816,2.210635250744642,0
,216.19025774432635,16250.136079674014,9.676076509920113,369.006986761447,327.610429494336,19.751538716328884,51.85139432868495,1.9703297702627294,1
8.075076540720383,207.31724261010632,20395.382839874652,6.3121662917526695,401.1555278946962,454.8876801510267,12.30557617829358,,1.673313862537823,0
6.183159342620698,293.241060116524,10563.039561637104,5.807444476659702,298.99002206457556,675.8896301982886,11.106350236850313,51.70479029555576,3.462341000731212,0
7.089903218979529,159.33363442162138,17314.378892099525,9.029606240453223,325.3708994950937,369.00885596156127,18.98444925094191,37.517845270962816,3.600972125543866,1
7.194113370966983,204.964753706458,14345.55852416255,7.451941932903566,346.9658839367996,589.9367698013996,19.68513506787801,68.69294015658201,2.8041807597085495,0
,168.7964800846957,34771.035548153006,5.2154242151710655,265.12262490564905,615.333107108954,15.355435132720126,64.58467053601905,3.0319013526170715,0
8.577577315085183,289.41849374457445,10040.08223185836,6.516456117153225,270.6033499883792,629.7793921332116,7.039888799444843,,4.508517687536276,0
,82.88837604340807,24689.20120377659,5.839807516261278,335.8306384023114,351.2846382718434,11.601156039004492,49.881004431446364,4.019578520923494,1
,159.79149827097444,14633.575980927797,7.733283596766758,310.781764385535,691.8448717645515,16.45161259687622,85.8203652042754,1.295721895555012,0
7.8173769324516185,168.25058203832495,14112.665974293968,7.39743212428837,266.18659322764677,463.961934992745,14.070894036819071,63.75482930980571,2.9646040656827086,0
7.50294085573617,239.8123773902954,20051.655780755063,9.270804677508409,353.1919277563769,419.5453311949014,20.216302312488885,5.24359804921194,3.1010041383940723,1
5.109152429323794,236.3765285665716,21257.933965783515,8.477397075566243,314.2032419714204,422.3582501996735,8.532341882835627,47.19772370663901,3.8375437807893684,1
7.400318413022073,283.7116556143239,23869.10948667374,4.385638810747129,391.28123705157316,522.1888247716315,16.713523901311053,58.85996127973535,2.704248570461094,0
7.150924736133401,105.55802945976048,17300.562145946104,7.932582956619497,329.68913389093103,456.1353039176376,11.491866961296457,79.3065176204311,2.196719273718916,0
7.266573882779625,245.02850054182878,10797.225271694522,8.814478175412129,,428.7723983145612,19.29216567308419,,2.420377038826854,0
,182.40320814270163,11236.47727071156,8.020582680659192,337.660391080855,604.0306699135277,13.699532149021007,54.99828860784886,0.8353822752578117,1
6.984522363023676,160.06248576450946,18567.57233618345,9.054107386703068,319.68099276006626,363.26847946745056,18.12258319890902,46.74367476367208,2.9374151749512363,1
7.057392989294162,232.37411200235127,19066.299094254187,6.210761413193838,289.9172371385156,324.8227285014193,11.409883655665423,73.31106662593753,2.251167915029067,1
8.150475373769854,144.7916250358611,24786.35658487546,5.488502710885467,305.88263485507747,545.1726119182205,8.36200475384419,51.04825592682984,3.5260006451571817,0
7.467541648312812,75.38520228114065,17929.013187930876,8.874126045436496,374.96514251924793,534.4316856953294,9.558467656141264,47.93099517687356,1.733698302001779,1
7.195555975837869,177.78689066464187,22421.17785680417,5.282163591325721,368.79100300793834,581.2773042644479,11.573203831577096,45.15688153495971,2.441024737609201,0
8.423175998328752,110.13374890148579,25617.3972434877,3.3128324410001344,407.1736685618455,321.33602883706396,9.900745439855633,71.13162949076207,1.7889130642956392,0
6.755801656189083,161.0650507357593,16153.603811717741,9.04553990038263,228.42036340321846,579.7669750886748,18.801845339808718,49.34050680818246,1.682974708604881,0
6.888455756099693,222.29328582506605,4601.089438865201,5.896467133796326,306.4145592646013,507.8425589693378,19.35564182480716,26.48205112876078,3.8007760921876828,0
5.7465959909287525,218.71998473684948,6745.06039449594,6.649080838182599,305.12547929704675,661.5090522646717,15.092185917024372,72.45313514358233,2.402146532125598,1
8.45528467702689,295.213966938714,4935.379922666414,4.683637173185258,340.30635073846753,300.2054807338038,9.863219659343091,45.97327650845316,3.4921862301032798,0
7.971465894555543,188.0207151833908,26141.132667098696,4.814050343390782,302.8705645260077,476.1888418223933,13.526516987346906,67.14005457570774,1.6151713561901444,0
7.933478435609366,108.00010456712869,9068.139836197413,5.118140084443906,299.20901954027744,416.69190966287533,11.256098355968719,67.4757030858365,3.0738149182364687,0
7.73511875715755,154.6341886018593,23622.890957886026,6.55083026688274,376.97849540740793,259.228089344782,19.816297847296994,84.07213950769805,0.9296021594779607,1
,144.8369465224237,19100.123380947123,7.865998337080676,340.68525092016574,364.2134473456034,15.263774058832771,80.89060838434368,2.3815963519212255,1
7.372391151345863,126.93049049250506,27006.883887873333,3.0639398116366667,260.01815865122245,585.2476981321317,15.95774616055874,,2.3514030568747386,0
6.998394727786154,226.12203170092644,22021.656736414876,8.55391171431244,,393.7247186547778,12.401267525107404,56.672308298116334,3.6527368693592335,0
7.037119659421643,161.2860597220856,14283.408171506195,5.072403306980519,389.8051230185168,363.28829464154296,5.954713578326768,34.19187851426265,3.1686849548176963,1
7.2434428893709555,81.35763099877954,13599.78684724712,5.280638835682688,295.5624211898768,554.1912470264822,10.915462600933845,93.54665314275678,2.74197405455798,0
8.409463609251022,241.81536818715279,15596.174039623027,8.420139698534989,379.87682492516046,568.6652008399533,9.53347128482326,68.83254429584369,3.9561727369757937,1
7.644550321446463,193.31440587759758,16226.826663292002,7.065658921474091,,568.4140743535752,15.4810192138723,87.88837444526254,3.1799803695165383,1
7.153231899392911,221.41023670115231,11284.794302136084,4.434419184766762,,355.2367950350277,14.386161103128183,,3.59510078487617,0
6.7364863596452835,206.34329268199897,14771.601916879417,10.520266837021872,316.9301255947108,443.03894964909773,10.793490807569722,19.017111460744758,3.868837895956673,0
6.692001210070672,237.89928404890247,26265.240434016763,5.650881111106591,,573.6790967696322,12.445564409958745,90.6342531479478,2.8693262394388883,0
8.482164008937993,202.28112482093215,3085.0318242204266,7.645168713505476,307.61373625099617,371.2759045381413,20.26590700875598,61.86235217541656,2.5964395427615616,0
7.605349843381683,274.1721490086927,16809.416976688026,7.55980262749414,284.0501777709808,360.0802594812629,10.162627762552724,62.663702071059625,3.3403119041414833,0
7.254040446648524,225.49896739863354,8651.330358134714,9.74038889135375,,549.3878372375258,10.3281831854835,61.10926329993933,2.4477428719769736,0
6.923054526277822,223.5240574033042,16309.259579634165,6.379796096197403,340.50631402427234,637.4818432973747,13.086630856451553,72.89348246957303,3.4120594450615616,1
6.312757270639578,224.5920150609534,20878.990426457403,9.01456143188867,332.14817791669094,311.7510307341614,11.20345228348424,70.66266568751372,4.27529700757262,1
7.146510754024083,112.6017354458768,14596.728736796164,5.864598859827372,296.60307326029965,138.29179016985478,12.28501057433658,28.18926897668168,3.970941620083782,0
,190.1218548917768,20410.90843893881,9.219831945303994,110.33509138759248,275.9620263290794,16.125794815856597,81.7378691026471,2.4890523233884276,0
6.885970202530008,184.44101062703012,3871.1241903106966,5.826627666752691,335.5701369193641,328.5057061849632,20.92889657959621,49.4209251661714,1.4058607130176837,0
,212.45280326962904,22748.923788658307,6.548023622493908,216.2259373237846,433.4787961831022,6.882024370855777,,2.8788647462318058,0
7.023172518848818,118.4783501422225,10778.095301463189,10.612739786218256,344.6513010941403,523.9019049026324,13.927022596295512,94.54857486174329,2.794931982948048,1
7.287675494398535,298.04688661357466,19356.856488546557,7.77054849861301,397.8476243833346,432.41985752284063,14.165754091861569,78.41117215761443,4.270528743515186,0
5.925591297003513,206.26331984939162,16277.136671835287,7.397566150864845,346.43313831508345,365.95925805749476,13.664271569709989,53.23628894114199,2.486352482982256,0
,127.32094756095957,2000.0,11.2356886950217,306.63380430294535,468.40436231931005,13.251556179303867,22.872157185190943,2.694317958808892,0
6.516483585476743,97.46678218526974,9707.55114970845,7.850442013260268,319.2073437685749,334.5753896172508,12.638518176379497,63.23274541192532,3.8255978742595027,1
7.907668026050084,183.12276237675988,16543.558575547817,5.730952846088511,322.0162423851869,444.3695589883493,18.01677126567956,70.77311643710784,2.372384869794252,1
6.583521058748112,194.61947522441204,25877.83257098388,8.522330396930123,,373.01178456803206,12.13944948791061,58.38928982307602,2.7533456543786348,1
7.661637397840557,156.90247484153662,17010.878001325695,5.072974349385424,294.9726303864599,771.641182436395,13.490736270703707,35.07921881086329,4.997295783808516,1
8.419549962181408,205.52682967543538,16803.871158395177,9.230969769739051,274.566242123897,548.0144328109754,13.999545336275482,44.186240692950705,4.728559240146263,0
6.9491229909747,161.52945396562637,5111.211372594298,9.370759967676303,401.28973479982517,349.79826901968397,14.4299823228875,34.89557788001988,3.6980082941985164,1
6.718738998301228,233.09949510237792,25018.02687566443,6.168673478625791,329.06680360871275,330.3678948727297,13.316544892988313,64.3079306558622,3.265308397243771,0
7.353145807300875,156.527490896667,27649.53896631681,6.069776671289072,387.37628374162546,397.4186144268997,17.996983664397547,,1.7829308397743784,1
7.198376777912777,197.68998649370448,15200.025301867825,7.517707672231639,314.99693744730513,252.61498572011138,13.965284811892728,80.50797956171556,3.6123469314391836,0
6.4051069221282315,258.7303504017283,13461.700662459189,7.2254792732021365,334.3300650038651,362.34066463459993,14.696243541077477,45.35544220568403,3.012961279085664,1
7.568735532570704,354.30013297461755,3666.651989332384,5.440162289640579,319.7770412109892,361.41274594995997,13.79418738623066,64.7005056640911,3.207752577943989,0
8.812412842780326,139.5414084421636,21183.247412695444,8.222558159373866,357.77016330163343,556.0710827166538,9.987902314252253,71.08139587595207,2.322409393665949,0
6.993510403787421,172.12953379477403,33915.95527984695,3.5246237467251422,379.59813916922496,398.80796205754046,10.680131055703322,49.777017232952176,2.928986276903919,1
7.03769904314827,149.60985813200392,20019.79152350544,6.420852975137269,,355.1345062690129,9.799971523765556,57.02985230099501,2.722668873361812,0
6.364054381144731,247.0596993061565,23845.92462707238,6.472906263257501,289.5710300818772,289.14409939617497,14.770594319726623,102.47732763474986,3.321199855195442,0
7.455270761349238,131.1140416569462,18794.61105595716,6.70812200725954,283.2027703830188,308.8033740984332,11.146026420668534,64.10246026960212,4.6535096365517825,0
6.202419020233897,170.93857726441482,8104.888794018712,7.7530030296762975,429.5502322740469,442.03727400040464,9.754448438832494,77.65917848018056,3.3763117899257544,0
6.314455180518813,198.22392300574938,24356.708417139045,4.989559632445561,313.19773946715054,424.18450762302325,14.952423592158013,51.30331428507098,0.957445099729108,0
8.223733817475033,141.27928763121537,6357.975703711965,8.259327149824465,312.5338709845905,586.1101953217986,16.10012688410949,60.835148828125476,1.7811053188496664,0
6.475637552484285,142.56049746144913,13525.345660358706,6.875722772420969,417.9004444738411,374.50432672554416,6.956763273330538,25.713421820048275,1.0462091948887928,0
8.06508605546507,171.46262671268812,16951.96221501768,6.029610998735474,,577.1021143849179,20.75869130054057,,1.9928655858078597,0
8.419486403026246,73.97358557975839,21180.3676254366,4.739712957907901,362.030276275803,480.85515746200906,14.12912453676673,83.84555932048688,3.612385814688732,0
7.4074611659813945,113.27130697559994,17911.899658016744,5.070403310881288,306.0362078751312,449.44371753375543,13.579330606727739,101.97797156897917,3.4230098014156374,0
7.642713122280659,175.21795473240954,17707.841505833887,7.848584589652657,471.19185552025243,209.00348859716215,18.267100766498245,83.9328205549366,2.2253788043891842,0
8.761800754949423,208.89383818051994,9669.58352099866,5.465071602824187,353.5784272565979,295.19301780094423,14.279249548526561,73.73711897669531,3.2618859792710824,1
7.042617278347427,188.8544008427844,5974.400102276808,7.3155576561335085,362.819128718289,538.9714626611085,11.58456416069006,61.059286691046346,2.0361741718589994,0
6.7255953624467075,93.56187830963633,15430.364677842479,9.111569318564625,319.7336321000662,617.7383834813998,22.778297449703494,48.00061745277098,1.241400543747231,1
6.117415148173647,172.17282249440012,10028.636559299714,9.05875670762324,245.14155341533495,474.7738566208177,9.702416825080938,56.79456953683014,1.258540668860228,0
7.233365664277077,247.9062584303706,5845.500603515242,10.008714529373085,249.91427609857445,541.5032777865811,13.609516503771168,72.25672057358423,1.9137058464595136,0
8.383315368734646,233.35193071947933,6138.374699486412,6.666672017667939,354.41869150419313,401.07334296952985,17.388779021139985,44.297141353694556,4.643539090209186,0
7.967676305120692,195.27512830832993,11569.10068078821,5.246731670726167,353.5097658072828,405.437888707076,9.721418075827586,78.66250026952733,1.33641298170787,0
6.446327006865634,146.7578074941078,2031.947978781951,9.036945918698102,315.60010056170415,370.4444851485226,13.591888102844623,40.317679505180124,4.430860634706332,0
6.515699692933923,237.87298225713235,5567.719080089393,7.757286930908226,259.69897243269634,566.9638523730988,15.546259638676379,24.415121857731855,4.531854516053057,1
6.796663016527229,165.2642611274032,3554.041496515232,9.223111170139356,243.50052824638817,491.1356862088232,23.606589329233085,39.75801952297073,2.7234335796969034,0
7.4338144659962735,129.84509585155888,16275.816246471642,7.219900927897227,310.3289601405267,421.8996820280931,10.42881127775097,26.69238734512127,2.882459759007225,1
7.035750858317053,151.86882589029267,17855.889606628927,9.352162844032746,242.63232408104852,410.59304823330285,13.809353486672151,32.55328479025919,2.2067767705715124,0
7.3715631563544655,286.90071750644915,29049.986742279783,8.72349735609768,,516.7806703714214,16.63482852254562,,2.9110931078097724,1
7.437391502436358,213.2108022921016,4517.29140537332,8.489557626151722,,488.7738653330976,14.324181417639814,55.9969623217687,3.7286934855358265,0
6.960981130657242,269.55482318286226,10242.821287632361,8.106341180033787,,350.1549641629109,9.188610853331063,64.37160535943602,2.95094905195478,1
7.1678608467176455,171.23982120143793,21388.27972525963,7.915858222552402,382.69904710404666,655.9183052937976,15.632515874862468,83.16227120846051,4.133836844659971,0
7.365273901772827,256.2889603511086,13482.583365077306,7.6194644526264,294.4290237081515,480.84347043823334,14.430199781806856,85.1820336381776,4.360480013415911,0
,163.9097573829154,12711.014429045405,7.606631231152291,277.7001008456941,451.25749251286703,15.782524826183945,49.90808675471284,3.3505990165019615,0
7.6028166919952405,190.55435785803016,26964.18792337687,8.982350272007467,122.89631466442381,627.2742808755088,18.52586448707892,86.57129284770487,3.3308496020028393,0
8.696700618662405,349.18101559734157,12631.156883354906,6.278436586960298,294.30665168988577,572.8820397140563,18.052785490657435,67.69195517501204,2.8652115329439027,0
7.673577827816665,246.02891793797704,6906.6359146619525,10.324233244968859,319.38156736363396,439.443976970444,15.631049504725322,60.06653155142954,3.353407016668735,1
7.244648437126842,169.92977748033846,5781.420280931423,7.008763418353427,388.06843542210083,514.3182217434281,15.242344726297087,68.84197840889045,1.604030573437709,0
5.851105101310468,194.91085765839682,17349.860256197528,8.973687951159901,366.6960091912207,321.60260082108607,9.606113138430658,31.48746761468196,3.4239758520593124,1
7.510365668812161,219.57340525313867,17136.691223841768,7.037565861980083,365.30098442278614,373.0988492037941,13.462740703302481,44.27797690487914,3.18406111819715,0
5.642657270586234,272.6274553709543,5398.083407996763,6.756001208225477,342.81765619293293,178.7602263659419,14.881286389427485,57.837151085935695,1.9055114074538169,0
6.072772731075102,170.652014499791,8102.226195915824,10.858034674315405,369.6546018259508,596.4440428578766,12.395938998627502,72.194152625333,5.515176469365521,0
,95.52085492373125,18742.988464709284,6.643179386637522,416.8560000878382,222.190625179762,14.390434893777709,52.5593790066047,1.7739715869539445,0
7.764988048109331,183.22149121242154,19040.867407675985,4.901009827183842,266.10738666924055,531.7530280736153,10.698720325380286,57.45362483895511,1.897220541181095,1
7.080048801320892,200.9231274298254,10497.445414772075,5.914652113762676,302.5619769162498,350.3187731668396,20.13730559915294,79.3886918794639,3.2710271799293698,0
5.831991115078227,206.5722781241144,19355.51341296389,6.628989683685239,246.6881061111393,332.5234238618905,22.608316828190347,88.23403247165461,0.6174453273567471,1
6.90292118648732,279.00140817095973,19002.982111033925,11.079345334891997,427.11961859406017,426.5962949535302,12.441815351378683,75.34266094719406,1.9894808042596954,0
6.657009345427181,219.00122469835568,2518.4277589631947,7.572160677971366,407.8121473936826,481.9694615701863,15.601434047595665,85.36844140911502,1.111297489000783,0
7.709472596904169,248.77501829815907,12815.55374685903,8.882484119638734,375.13704980884694,523.4527775040366,13.063362870607785,51.91280321902009,1.7795402988503073,1
,133.93317836451183,17905.879137847856,5.39712007761585,258.0869148285761,662.5958021993292,19.0514442037623,53.87129841014553,2.7778804019685985,1
7.373544390363725,252.07408930547285,10988.470084852092,7.8346949215700645,340.37668820973545,493.03368693259716,15.73998756500862,66.36707281341914,3.31914073443127,0
6.576551097574306,325.77318989937703,2000.0,8.408661027113634,315.9216384146079,555.743443567529,14.309334031626378,53.97855462641046,4.258432876120492,1
6.263558775757424,246.37455741501066,13018.89694973715,10.442928519835833,334.84962291526676,378.1813188184666,13.105347987163944,49.85740754593823,3.9017199052124356,0
7.155124575385382,215.21334319644305,20264.652119589882,5.946713193016838,318.71291222327955,535.6465575067286,14.50450939019374,93.04288667354038,4.354897227286562,0
7.05856544518913,209.2392913044646,26062.839100691926,8.286281032848919,361.19716948655724,468.3922503636176,9.998517819180165,55.97638150560276,3.640726014629716,0
6.2787846723780225,307.2285343415602,2000.0,7.744651035215989,306.30960786148637,394.41789552777163,16.702129965978642,40.67971742594355,2.3748383285913683,0
7.293084188553747,144.36911099654822,33293.24941894988,5.360913521042441,381.2742303654373,438.4824821079318,11.144020373531834,69.74795104031173,4.271534338155208,0
6.27926918295131,193.333858522757,7110.045682795118,7.164978775944875,344.4836914951918,442.5533877211395,16.13952751676784,96.71589720085649,2.3507501908639274,0
8.08968581738344,227.6124555762928,21698.796095607922,6.725745162834497,312.41542966668607,472.93431030327827,14.51854055327334,61.61618287998225,2.1996605327431933,0
,244.64006646879193,23639.386493740734,3.014342233295788,323.28879798454204,498.16694147101765,18.379772504991056,84.62745905926649,4.767165609064898,0
8.067801012237137,173.76032565749685,21881.121100936612,8.277604423888013,303.564755344395,388.93315551278505,13.93202868924005,51.24304640549447,3.8791489807145325,0
6.820759623513178,218.43928368363413,16047.32935692263,8.172438155538353,378.83304283582936,361.1071866552245,18.092283944664914,50.17371800087943,3.1977098161877135,0
7.611616450654472,183.32471111893267,6870.076361184538,6.409917370807165,313.712130901854,539.6965901943291,10.310589072887758,46.20357893791514,3.8359760474641647,0
7.094344395824515,207.22826796807678,19385.911515902502,4.790588499693543,347.6934238269706,246.41387879608936,16.43777886671419,57.13179085849528,3.987539230533283,0
6.888950350878015,192.07450757756627,9993.367762571426,9.86378556083872,306.45572469151966,375.81520190073445,13.103613906646423,96.72694008032812,1.301677074333368,1
6.9286834742863475,131.50437932866703,2000.0,7.678798717308834,240.89388747514488,636.3141115294875,14.776871610860486,36.89009645430195,2.821881961070888,0
6.160227781572679,198.7331848985932,34802.29043601391,9.030062329220918,384.3662643225459,125.13627697397743,14.28699812210214,92.74477660351926,1.5212366033655147,1
6.044909043283903,252.62909132371016,19956.714153724686,9.738579234063629,266.51240923109475,366.8337573905287,17.745164487099153,39.83104833084688,3.080577352083305,0
7.835451832700837,141.97890250749955,27726.539899405776,6.262367788218561,370.7496581048014,532.5263267204353,5.921549993580511,55.3237713298479,2.1299244913215847,0
7.0470116768643845,185.53449507350993,8618.640347538902,8.661878158753378,355.20916655342967,251.96145547107253,15.292326967117194,76.71582880904985,4.562262305617125,0
7.373139880902099,239.8868038674289,25272.519763883298,6.7659317753938,230.6379935391406,761.7770545628794,8.02200543675049,72.60531566262934,3.555441934434508,1
8.001368310763295,135.80809359516962,26129.084107042974,7.087412445300214,273.3191060748154,139.3915703920611,18.82726733822038,65.6406032072343,1.9608168249680513,1
5.813494003987141,210.95830025048951,25881.846671508218,7.045891890050366,299.15396158455667,622.3871341305678,6.109027221756361,27.012679146016097,2.911597046375641,0
6.572695940947285,136.3922108627938,14851.555667514933,7.197625921580934,280.75691746554617,636.8809638980947,9.984872864544354,67.24468250285138,1.4815610173794798,0
7.3402678747720564,268.0778300500265,6582.765693801804,9.20512835933281,259.0757558468039,559.9622839099479,7.3044833411732,39.55270595538616,2.9822236063717176,1
7.513675829332459,338.7692829127917,13758.81035195455,7.4228895558515005,374.40574079392366,423.4097313439865,20.55694439635144,111.37818253292495,3.589352070246643,1
6.898340439679123,321.3353170547458,2000.0,6.923281053495427,315.62967590425535,492.8613843158942,8.844005908844295,55.731429309945256,3.2488879046977295,0
8.02334338615828,186.84915933361174,3085.9132741752546,6.702232983270099,353.1414347992149,342.330013176445,14.455658016295844,63.77439733002273,0.6198716394882058,0
7.3683159510637095,244.4119477244376,15643.571468051883,7.8143654685693615,304.1694927589936,547.1189590976226,11.856829383857212,37.0659721900917,2.5311148975332807,1
6.229294288937712,207.25986371000937,8060.210739622733,5.58923748604576,348.3197145902596,315.6162105454611,6.8009503826478035,,3.54286456265449,1
6.455388979207484,206.12635376415707,13848.872011816748,6.2952148250100635,284.930946019419,417.1351279728738,12.650848019929608,34.179156777070204,3.2995859839441497,0
,292.8654236562698,14237.001740190486,7.105894954006942,328.4089935181085,569.5499135603183,16.65094100343805,79.6306546858482,4.322461472434373,1
7.571065165164848,120.84922542895076,28515.089339628805,6.181473038024939,364.91074762292834,316.28365124007644,13.26292672315672,54.760551365446055,1.391268265313038,1
5.6807510087947195,263.3176758479669,24083.385988256618,6.986742924713626,332.7043688937033,406.2877732367475,17.764319973698516,71.25321618524828,3.560271221432252,1
8.278169843089927,197.06144029065595,14685.891910860219,6.10060164674579,302.5733858638272,469.7117790642101,12.552300932988492,46.308255363120665,2.1517211252863824,0
7.67842162487511,284.5124372362485,23462.296739185404,10.80712400225215,264.8000101330003,288.9853992157617,14.02743384299023,49.977150578411624,3.166025191688151,0
8.274674390157198,211.23400213396658,9542.007987167603,9.592309333166119,340.05797771960914,589.7246996499935,12.460804983921514,85.76361293927881,3.41837104812699,0
6.893039295139933,159.63968032842888,12641.720831335908,8.009913893515995,350.69673031233225,490.89289087466403,15.374273233733408,40.56613444537369,3.7555801801643622,0
6.9634350229341395,216.628422605083,21371.570170821775,7.1034866673500465,314.4984330090536,268.1292030731362,21.595647199807644,23.971119611608422,2.2398755469172253,0
6.298834332198945,244.158025701781,6308.375957003036,11.14337549303858,283.8407801447283,444.3637027123301,15.448962358870693,68.1248031991756,3.1534235440821092,1
9.22954365610551,202.14582044667165,13047.134901898424,7.781315234532516,362.5549820168986,356.95977942010876,14.777765056320673,37.173335813275386,1.5304674305995216,1
7.059636619674281,229.28229659339587,5754.07897938369,7.043678085836054,478.9038265301839,371.09304401477397,11.52634135825903,51.21067210394391,1.239621964801348,1
8.470026553665557,168.69948945788101,15822.306854795794,7.745627478273224,311.85228124467005,459.20937561634054,10.978078477741368,78.23166763872278,3.597421062466018,0
6.682166038890177,71.9669659492956,26427.610289126038,7.750697771541452,350.20436668566657,364.8370894681353,19.85627720638589,43.628071503728016,2.8660777881651933,0
7.331072953866481,254.00141502640054,9735.321776293194,9.738571871670711,352.64357896987474,565.7413943921341,9.551046191483316,77.56900148364898,0.9895183253664204,0
5.862918010743936,241.94958417105732,16581.156471396804,7.165863553528929,176.01210818143417,365.44097733071965,10.347432610989603,46.375491184306455,1.911458135302962,0
6.893706280986585,208.89070307686,8718.74668854451,10.978784683303052,337.4317407228926,567.8051819997045,13.610195366619923,89.81357622404137,2.9537293373139697,0
7.987003926720022,204.1046337326194,6953.157397317279,5.61236173199691,287.6088778605439,444.7488652888612,12.294758271216526,86.50205998342445,4.7961798548900205,0
6.198604947540403,262.17774616128423,6349.053357607778,8.44929039045392,413.08127903101297,552.6922426383138,21.824756209938954,50.572091787318136,4.184004976093648,1
8.057782035947689,172.57359647140638,25183.264569867228,5.396711802033949,314.7608507344796,385.03984104200754,4.535072293042992,55.73543683101282,3.8880276141187142,0
7.46979025267877,157.60795607848888,31537.04829432316,10.470781721923135,283.3478516355453,389.36592634999477,15.445448504510766,43.36128938023434,0.7890439912679126,0
,188.68700783024084,18381.30593713903,6.604982209992284,316.8900398353306,311.7041654823827,16.85084181241199,64.00003965352263,2.813761931172952,1
6.7987221828594615,271.3458313130919,9985.949216038636,7.095259310737654,339.9936634854375,519.3574587635818,9.518025670753488,82.98340985173002,3.502648629776127,1
6.832747458635669,116.7732257441309,19934.241440402307,8.863626431344539,296.40566576629476,562.5354304236484,11.421691491707604,31.064863626283415,3.4026676707727326,1
7.160384529645999,271.5097995568405,12659.735315598766,9.459613231250797,326.8402332394356,704.3026275302309,15.73043986001091,78.34896889619606,3.429210295938912,0
6.771084827245526,161.64482874766915,20609.78843276161,5.198621694141067,248.75041010743848,604.8633021760436,20.51805240021192,,2.6504397672795337,0
6.538169679356371,133.95539001655868,17036.955467396074,6.576913815045249,316.48479318545526,479.97368152429027,10.317946508862,42.80558787475553,5.038717386303201,0
6.956329837988147,275.6037101685391,16957.929055985624,4.689138108960415,376.54037256518563,424.68353745855086,7.683110959241321,24.245924782125705,4.701011595859046,1
6.378488209112761,194.18659431222832,19250.932415626987,7.447149272475937,448.15033654008664,496.64442074314843,17.88987831960401,102.09891114179734,2.817560577939061,1
,121.98593813690461,10943.5445411599,7.017529436745605,372.3908920625876,446.6714747419072,20.09497303466868,61.17403408990063,1.7547403949585079,1
7.1614588139941135,178.476016456614,12169.425238209973,6.571918759032783,346.31603159351573,625.6171799222539,12.659873634578222,64.89505330091356,5.393533373025427,1
7.906299380443655,255.86314585322222,2951.2808696223237,5.967969589978902,401.02595147606615,563.2732768690788,5.1448528996470575,46.47768883311181,2.2670747093241683,1
5.976502635906108,271.5244515573064,11906.913909825787,6.505368365073843,391.14651959760465,349.58866404808293,19.80745787654638,81.33933333987582,4.365543749113197,0
7.202806521171168,174.37407908473696,5043.671169546147,5.856488390285192,429.8305620964125,367.4843358980479,13.205878443916196,17.93646497660758,5.220272218150223,0
6.680035044158964,224.3792455458365,13987.231606720408,8.15213131564702,394.95935123093136,614.0738284287127,18.49559310870431,60.53330861286789,1.7981844761062373,0
6.418283650292248,242.84507794366579,8296.583354296203,9.928710084968452,322.92818511891,486.96961617222104,13.826072531113526,104.13449491601206,3.278411613253554,1
7.882750122171696,161.32241037701868,15708.640942249158,3.7246966045757666,345.5068567580545,422.18889891705743,12.497413815077115,52.358919744475074,2.5128635462640037,0
6.785464248727467,221.3021645099866,18172.67514491018,6.991258471071409,340.74967529985196,592.3603394563172,12.192349251641,60.34295088131958,3.5475182359936848,0
8.398641346451903,198.08732511466633,5059.142002545861,6.4472908066306145,348.12835221030946,403.48870593770414,19.893780071726717,73.44465986652281,3.314198879376252,1
6.576128508682886,167.8385353716144,9307.046340278246,8.086263459302334,342.0192653424081,416.42693874165025,19.737805111994223,43.77098651157988,5.263868616536863,0
7.5092015949006665,170.47112387726452,8396.816687152323,5.486819368781315,283.0542721317145,394.6594150521097,5.4486015248843245,60.456903254089504,3.637822763337129,0
,204.02206891203267,20225.453975549095,6.936415504753008,203.78184668319372,214.59929921007833,10.254980075406817,79.2199038317471,2.919337290035045,0
6.59678255269891,201.79120921751797,26944.534191707775,5.328734071538694,289.6992832878212,553.7108388305192,21.108315312151937,,4.28051946105637,0
7.670140034062203,166.07060280053975,20960.756307588123,8.454056118251025,208.43793069794114,304.9098650368094,12.53082618411604,67.41974118883132,2.603529112061793,0
7.076013941540154,174.44329349599042,12554.06750610612,7.378694333924926,,381.75687366941224,8.558106385449658,53.011311796525916,2.4915073627238593,0
7.682568464570918,266.80023430042024,25255.0447274529,6.909345781985643,330.27218328919423,360.73537407184045,14.017862949277323,66.31202117909335,5.615409186701578,0
7.162166794226403,212.829628110619,4401.245844911105,7.866338272218627,229.46552978621048,537.238872236085,13.566532811153248,61.11531318132462,1.9447419805904094,1
6.3313469957588495,253.10566199529694,25495.506364896642,6.756330051664304,371.29009002767634,441.77006605152934,13.610619858825315,89.10129788719449,2.343127731915791,0
7.118344605448875,272.1093339162452,10406.50055588728,4.403122230641708,382.0114850829133,451.84998604369684,12.081748467455055,74.48789018484035,2.982463394901196,0
7.241564135612912,235.33053557837292,2000.0,8.272314737879883,335.75110734559564,248.46482473216645,12.759692021042868,55.126363602595596,1.6616171254210215,0
,336.25317880294597,33555.633173593305,7.718886306823446,430.0599781107919,439.5075542118364,12.176368977795908,,0.39909343959840227,0
,150.4817580941663,26046.16152026493,6.922656717219226,442.29993262714714,272.8400280142798,15.335626585914705,74.31444310571226,4.19621521482041,1
,248.50457558493753,7776.813910159249,8.9728648751404,257.64036022162503,486.86363947970347,10.74904053021672,75.10531360778756,1.988076973217682,0
5.822497015815969,180.9113616181345,16183.060533152118,9.393291989625395,392.20230862806363,494.0067592197167,12.841422804997407,41.66184043828209,2.280254633112307,0
7.721194448274653,311.3469958022767,13498.503834227597,5.233891258581263,356.45087272282717,447.9123020717764,13.423704417760305,20.032631562455443,2.482777582641731,0
6.334813620287483,302.02640728354544,15715.545623064523,5.79406307042664,355.09918659280345,695.1772423027681,19.222963625416483,37.1638588797385,1.7518307891967668,0
5.7549123831331155,82.74732907959556,4616.994937211366,9.985113172382132,386.0668510587891,513.3274697070677,15.493644536360641,78.52377521288993,1.6407632184360348,0
7.152626532580211,141.8680254492872,10229.542121332443,9.753933359864362,286.8499322424952,521.4989010040445,13.56119887942123,38.704370157155495,3.1224225027672223,0
8.084547966930277,239.8587746476605,18275.728979233332,5.870892368545025,294.4576540064987,467.07736236592126,16.144751882618383,50.80949704499898,5.806589960376996,0
5.980442441430499,247.39203259306856,16558.873189689024,5.074721905974027,280.3996732742799,426.8690308154079,15.624473147504217,64.40788118634357,3.813090336885394,0
6.3295715316892585,244.19385296955662,23394.669570046393,6.052378403275238,284.7058575982607,565.9101912787478,18.35133942636157,84.48735963471776,3.8256516554256232,1
6.605380087157375,195.74808030959943,15558.251801989656,6.303390467728298,324.0892959492506,582.1739450009707,16.02605284973204,59.63685624155453,1.1229777212391132,0
6.296402682926398,227.3072494738086,31444.551801285997,4.3486815026039025,242.89054990649623,293.86075661589814,21.175642782205053,57.992253465724346,2.9004445661256106,0
7.503542310667668,239.1812861471794,9989.879099819469,7.256101054948666,267.25635738061703,576.5387525738587,19.378468185332434,49.02301174833267,1.5094609694084127,0
6.554106043964412,195.32772382776056,16815.326743674806,4.895677962465266,364.6516973436522,511.6587841232612,13.835994363374544,92.61305576946695,3.8559513403356567,1
6.622788210831838,261.6381181016977,2000.0,5.021298629925258,325.7422370886118,565.284008725072,12.341961432511587,81.31900741543626,2.6557192422676064,0
7.666644318945849,64.43016505345724,6228.068098648186,8.848991560078987,352.9772874538848,505.9414536896129,17.530223013699615,58.097531906710586,2.9751684727946417,0
6.595588295225053,238.02761117419954,24299.681726519586,5.970259304134631,216.64437100715094,300.687633243615,16.066516129557098,32.068418253928826,2.8231182658553915,0
7.5462240782245775,137.95684326285644,8400.380627649403,7.071351872193993,282.9688040303922,309.2500259000921,13.621724136255175,44.194209726897185,2.229085829112529,0
6.422891862494366,257.5206684781634,18714.726218010022,8.332373440216257,296.6746408356162,668.9508634973939,8.092193873802938,71.58963278308934,1.1036747136275111,1
6.2302891886277685,186.278934506528,14567.60399854021,8.663803329764201,331.9520888854257,480.29086423764556,6.670504630638404,45.57044657959112,3.6248279820703075,0
5.731640568647262,146.67276373495852,7688.157296187,6.593363768173032,294.8229497007518,279.92934070093594,15.393034202780562,77.84545905661118,1.2697172171085833,0
8.688962229529384,222.4341294046546,12562.255080689883,7.279411461578282,385.9928775903856,491.77584001297294,17.083369061848092,67.22917069051623,1.5124604582179955,0
6.943792774295203,145.319990129254,11400.364557472958,5.714269219089444,326.50343302599293,406.5451676071098,17.213741928368382,65.85302784294504,2.572101480234302,1
7.395146694358743,145.23392614667637,11588.438920794437,10.345283453626235,331.02084963585486,228.79032530380064,8.851312946144565,73.0688955239246,2.081943457818305,1
7.175160392815361,105.96233864281447,20275.2574764921,8.369909671973668,330.8122903795501,175.17741939473916,18.149375369772674,69.97175695575804,3.2432801384142826,1
7.327969405605811,198.3975347121132,19566.41188091606,5.214168396133143,372.479126966047,257.67999669566257,11.863370737726894,42.8964491990541,4.141771660578334,0
7.239749183499498,229.80941130145013,10958.020123610608,7.207304343941416,301.70275726716164,482.61510511543867,15.553686087095235,53.48339939764227,3.227856965458267,0
8.72657363136216,261.38155916787457,8650.280373125453,8.484393037247022,397.34362693639713,444.2313338263837,15.666765498673326,106.7963217290725,3.1657401226998956,0
6.368858727234282,191.4963282926593,16976.361341628202,8.062939739823726,357.60351616135864,420.10089712496347,10.79005425772112,35.84286856441456,2.9571943485190855,1
,262.87131250685877,14299.892117745825,10.492506212472714,339.24221619289983,484.16137845551475,11.634699804066004,50.50910080866169,3.958850780340158,1
6.3904322652125165,201.07765850808812,22197.97723714846,9.670174403730146,332.50418925287244,522.1356512175606,5.707789027105941,81.31395784666037,0.714210889518077,0
6.132232792193163,194.4026911412267,33587.05499429374,6.229248375912259,361.2182380729578,197.69910725580053,10.333037817016015,56.8147893489382,3.36977155966359,0
7.797569641985554,234.41377687146738,20900.471040973523,7.0394750991679285,390.9234922757432,413.86185814260193,6.789831763385027,43.75755883103338,1.8098109315013506,1
7.856302567630205,263.5035665675454,14756.888102550556,4.893225492642864,,350.65024195748583,15.749428525871572,33.5365243067715,1.4497061220908016,0
6.430947563879739,179.51393273248445,13795.692203846595,7.649015369201,352.55160946865254,302.0166026653005,14.245667664246543,70.72055848326652,2.9349980299549845,1
6.087651378829607,185.37430268264248,9003.14115675084,7.471837907183406,382.6031252962371,384.3358466329199,17.656208276290585,80.39784932768725,2.4644425270511308,0
6.916162677487124,190.35011571800965,8653.290509321907,12.0,337.1014911446124,435.2553482646875,15.426168924757274,87.9978712953454,3.629124376194251,1
8.312899102301115,204.96614761951034,7976.091426492476,7.375635187577305,405.14941195879635,418.0372252128461,11.460969125536895,61.07577020326578,4.250100572742012,0
4.944344465761347,145.97550742369097,12232.653800162348,3.432145714828039,,275.43992238771295,15.384804262993411,80.89975647744467,0.1384111338215055,1
7.6213014152127,261.68036360397724,12009.995879674121,5.990244323931794,205.491643516549,392.0220582428874,12.438299545000461,39.34117933483944,2.8423949996702733,0
6.339395818041131,175.9754220933,20206.11494593279,7.402228580745133,410.27295401714076,691.8999470308763,16.43624676253909,63.360427396055435,5.27921766193904,1
8.032293717233019,227.74660740667184,12207.006894996815,4.9391724733329525,336.4710652815187,323.45341871442827,15.261491863157636,,3.9702982292474087,0
6.337660847298599,150.4716456665645,13617.851984947456,5.639026168707178,259.7352932960713,247.54884258025078,10.045707086289587,63.47677669206248,4.6648675937880615,0
